{
	"model":
	{
		"name": "Wan2.2 Image2video Palingenesis 14B",
		"architecture" : "i2v_2_2",
		"description": "Wan 2.2 Image 2 Video model. Contrary to the Wan Image2video 2.1 this model is structurally close to the t2v model. Palingenesis a finetune praised for its high quality.",
		"URLs": [ "https://huggingface.co/eddy1111111/WAN22.XX_Palingenesis/resolve/main/WAN22.XX_Palingenesis_high_i2v_fix.safetensors"],
		"URLs2": [ "https://huggingface.co/eddy1111111/WAN22.XX_Palingenesis/resolve/main/WAN22.XX_Palingenesis_low_i2v_fix.safetensors"],
		"group": "wan2_2"		
	},
	"ignore_unused_weights": true,
	"guidance_phases": 2,	
	"switch_threshold" : 900,
	"guidance_scale" : 3.5,
	"guidance2_scale" : 3.5,
	"flow_shift" : 5
	
}