{
	"model":
	{
		"name": "Wan2.1 Image2video 720p 14B",
		"architecture" : "i2v",
		"description": "The standard Wan Image 2 Video specialized to generate 720p images. It also offers Start and End Image support (End Image is not supported in the original model but seems to work well).",
		"URLs": [
			"https://huggingface.co/DeepBeepMeep/Wan2.1/resolve/main/wan2.1_image2video_720p_14B_mbf16.safetensors",
			"https://huggingface.co/DeepBeepMeep/Wan2.1/resolve/main/wan2.1_image2video_720p_14B_quanto_mbf16_int8.safetensors",
			"https://huggingface.co/DeepBeepMeep/Wan2.1/resolve/main/wan2.1_image2video_720p_14B_quanto_mfp16_int8.safetensors"
		]
	},
    "resolution": "1280x720"
}