{
	"model":
	{
		"name": "Wan2.1 Image2video 480p FusioniX 14B",
		"architecture" : "i2v",
		"description": "A powerful merged image-to-video model based on the original WAN 2.1 I2V model, enhanced using multiple open-source components and LoRAs to boost motion realism, temporal consistency, and expressive detail.",
		"URLs": "i2v",
		"settings_dir": [ "" ],		
		"loras": ["https://huggingface.co/DeepBeepMeep/Wan2.1/resolve/main/loras_accelerators/Wan2.1_I2V_14B_FusionX_LoRA.safetensors"]
	}
}