{
	"model":
	{
		"name": "Wan2.2 Text2video Lightning Palingenesis 14B",
		"architecture" : "t2v_2_2",
		"description": "Wan 2.2 Text 2 Video Lightning Dyno model. Palingenesis a finetune praised for its high quality is used for the Low noise model whereas the High Noise model uses Lightning Finetune that offers natively Loras accelerators. ",
		"URLs": [
			"https://huggingface.co/lightx2v/Wan2.2-Lightning/resolve/main/Wan2.2-T2V-A14B-4steps-250928-dyno/Wan2.2-T2V-A14B-4steps-250928-dyno-high-lightx2v.safetensors"
		],
		"URLs2": ["https://huggingface.co/eddy1111111/WAN22.XX_Palingenesis/resolve/main/WAN22.XX_Palingenesis_low_t2v.safetensors"],
		"loras_multipliers": ["0;1"],
		"activated_loras": [
			"https://huggingface.co/DeepBeepMeep/Wan2.2/resolve/main/loras_accelerators/Wan22_A14B_T2V_LOW_Lightning_4steps_lora_250928_rank64_fp16.safetensors"
		],
		"profiles_dir": [ "" ],				
		"group": "wan2_2"		
	},
	"guidance_phases": 2,
	"switch_threshold" : 875,
	"guidance_scale" : 1,
	"guidance2_scale" : 1,
	"num_inference_steps": 4,
	"flow_shift" : 3
	
}