{
	"model":
	{
		"name": "Wan2.2 Text2video Palingenesis 14B",
		"architecture" : "t2v_2_2",
		"description": "Wan 2.2 Text 2 Video Palingenesis a finetune praised for its high quality.",
		"URLs": ["https://huggingface.co/eddy1111111/WAN22.XX_Palingenesis/resolve/main/WAN22.XX_Palingenesis_high_t2v.safetensors"],
		"URLs2": ["https://huggingface.co/eddy1111111/WAN22.XX_Palingenesis/resolve/main/WAN22.XX_Palingenesis_low_t2v.safetensors"],
		"group": "wan2_2"		
	},
	"guidance_phases": 2,
	"switch_threshold" : 875,
	"flow_shift" : 3
	
}