{
    "model": {
        "name": "Vace Cocktail 14B",
        "architecture": "vace_14B",
        "modules": [
            "vace_14B"
        ],
        "description": "This model has been created on the fly using the Wan text 2 video model and the Loras of FusioniX. The weight of the Detail Enhancer Lora has been reduced to improve identity preservation. Copy the model def in the finetune folder to change the Cocktail composition.",
        "URLs": "t2v",
		"settings_dir": [ "" ],		
		"loras": [
        "https://huggingface.co/DeepBeepMeep/Wan2.1/resolve/main/loras_accelerators/Wan21_CausVid_14B_T2V_lora_rank32_v2.safetensors",
        "https://huggingface.co/DeepBeepMeep/Wan2.1/resolve/main/loras_accelerators/DetailEnhancerV1.safetensors",
        "https://huggingface.co/DeepBeepMeep/Wan2.1/resolve/main/loras_accelerators/Wan21_AccVid_T2V_14B_lora_rank32_fp16.safetensors",
        "https://huggingface.co/DeepBeepMeep/Wan2.1/resolve/main/loras_accelerators/Wan21_T2V_14B_MoviiGen_lora_rank32_fp16.safetensors"
		],
		"loras_multipliers": [1, 0.5, 0.5, 0.5]
    },
    "num_inference_steps": 10,
    "guidance_scale": 1,
    "flow_shift": 2
}