{
	"activated_loras": [
        "https://huggingface.co/DeepBeepMeep/Wan2.1/resolve/main/loras_accelerators/Wan21_CausVid_14B_T2V_lora_rank32_v2.safetensors",
        "https://huggingface.co/DeepBeepMeep/Wan2.1/resolve/main/loras_accelerators/DetailEnhancerV1.safetensors",
        "https://huggingface.co/DeepBeepMeep/Wan2.1/resolve/main/loras_accelerators/Wan21_AccVid_T2V_14B_lora_rank32_fp16.safetensors",
        "https://huggingface.co/DeepBeepMeep/Wan2.1/resolve/main/loras_accelerators/Wan21_T2V_14B_MoviiGen_lora_rank32_fp16.safetensors"
		],
	"loras_multipliers": "1 0.5 0.5 0.5",
	"num_inference_steps": 10,
    "guidance_phases": 1,
    "guidance_scale": 1,
    "flow_shift": 2	
}
