{
    "num_inference_steps": 4,
    "guidance_scale": 1,
    "guidance2_scale": 1,
    "switch_threshold": 876,
    "model_switch_phase": 1,
    "guidance_phases": 2,
    "flow_shift": 3,	
    "loras_multipliers": "1;0 0;1",
    "activated_loras": [
        "https://huggingface.co/DeepBeepMeep/Wan2.2/resolve/main/loras_accelerators/Wan22_A14B_T2V_HIGH_Lightning_4steps_lora_250928_rank128_fp16.safetensors",
        "https://huggingface.co/DeepBeepMeep/Wan2.2/resolve/main/loras_accelerators/Wan22_A14B_T2V_LOW_Lightning_4steps_lora_250928_rank64_fp16.safetensors"
    ]
}